command,arguments,result,timestamp
add,"[86.0, 657.0]",743.0,2025-03-11 20:25:31.393160
add,"[8796.0, 86.0]",8882.0,2025-03-11 20:32:40.692078
divide,"[9876.0, 76.0]",129.94736842105263,2025-03-11 20:32:40.694172
add,"[78.0, 67.0]",145.0,2025-03-11 20:33:02.545391
multiply,"[876.0, 65.0]",56940.0,2025-03-11 20:33:02.547098
divide,"[8.0, 2.0]",4.0,2025-03-11 20:33:02.548070
add,"[87.0, 76.0]",163.0,2025-03-11 20:33:22.153640
add,"[76.0, 76.0]",152.0,2025-03-11 20:33:22.155239
add,"[67.0, 987.0]",1054.0,2025-03-11 20:33:22.156301
add,"[978.0, 43.0]",1021.0,2025-03-11 20:37:47.419816
